     shots,    errors,  discards, seconds,decoder,strong_id,json_metadata,custom_counts
  10000000,     10615,         0,   751.9,custom_sampler,ae2d153457fb77e5d0b13e2e5a23c8cd3b62de38402fcf2f969c38746eda70a1,"{""decoder"":""Pymatching"",""decoder_args"":{},""experiment"":""SurfaceCodeMemory"",""experiment_args"":{""basis"":""Z"",""distance"":5,""rounds"":""3d""},""marginalized_detector_error_model"":true,""noise_model"":""QCAModel"",""noise_model_args"":{""gate_noise"":{""after_clifford_depolarization"":0.001,""after_identity_depolarization"":0.001,""after_reset_flip_probability"":0.001,""before_measure_flip_probability"":0.001},""model_params"":{""a"":0.0001,""b"":0.5,""emissions"":[[1.0,0.0,0.0,0.0],[0.0,0.3333333333333333,0.3333333333333333,0.3333333333333333]],""theta"":0.6283185307179586}}}",
  10000000,     15564,         0,   762.7,custom_sampler,932d8a13bb97d3924e73ab31a574021017ed22da02ea1a3dc8968b40a930dcbc,"{""decoder"":""Pymatching"",""decoder_args"":{},""experiment"":""SurfaceCodeMemory"",""experiment_args"":{""basis"":""Z"",""distance"":5,""rounds"":""3d""},""marginalized_detector_error_model"":true,""noise_model"":""QCAModel"",""noise_model_args"":{""gate_noise"":{""after_clifford_depolarization"":0.001,""after_identity_depolarization"":0.001,""after_reset_flip_probability"":0.001,""before_measure_flip_probability"":0.001},""model_params"":{""a"":0.0001,""b"":0.5,""emissions"":[[1.0,0.0,0.0,0.0],[0.0,0.3333333333333333,0.3333333333333333,0.3333333333333333]],""theta"":0.7853981633974483}}}",
  10000000,     31473,         0,   761.7,custom_sampler,a4962441dd80ed24164e26b64edb06c91cb46df92671e73defc1cbaee3c1ab24,"{""decoder"":""Pymatching"",""decoder_args"":{},""experiment"":""SurfaceCodeMemory"",""experiment_args"":{""basis"":""Z"",""distance"":5,""rounds"":""3d""},""marginalized_detector_error_model"":true,""noise_model"":""QCAModel"",""noise_model_args"":{""gate_noise"":{""after_clifford_depolarization"":0.001,""after_identity_depolarization"":0.001,""after_reset_flip_probability"":0.001,""before_measure_flip_probability"":0.001},""model_params"":{""a"":0.0001,""b"":0.5,""emissions"":[[1.0,0.0,0.0,0.0],[0.0,0.3333333333333333,0.3333333333333333,0.3333333333333333]],""theta"":0.9424777960769379}}}",
  10000000,     64345,         0,   764.2,custom_sampler,0bf447b21a21bd53f40c96bc2445682a3a34a019a8cf0424c0812dba68fd1c30,"{""decoder"":""Pymatching"",""decoder_args"":{},""experiment"":""SurfaceCodeMemory"",""experiment_args"":{""basis"":""Z"",""distance"":5,""rounds"":""3d""},""marginalized_detector_error_model"":true,""noise_model"":""QCAModel"",""noise_model_args"":{""gate_noise"":{""after_clifford_depolarization"":0.001,""after_identity_depolarization"":0.001,""after_reset_flip_probability"":0.001,""before_measure_flip_probability"":0.001},""model_params"":{""a"":0.0001,""b"":0.5,""emissions"":[[1.0,0.0,0.0,0.0],[0.0,0.3333333333333333,0.3333333333333333,0.3333333333333333]],""theta"":1.0681415022205298}}}",
  10000000,     80428,         0,   768.9,custom_sampler,6420931fe9ab629b9eb96412f4f1e3632e9d0c17f899256fffdb2f1e3580952e,"{""decoder"":""Pymatching"",""decoder_args"":{},""experiment"":""SurfaceCodeMemory"",""experiment_args"":{""basis"":""Z"",""distance"":5,""rounds"":""3d""},""marginalized_detector_error_model"":true,""noise_model"":""QCAModel"",""noise_model_args"":{""gate_noise"":{""after_clifford_depolarization"":0.001,""after_identity_depolarization"":0.001,""after_reset_flip_probability"":0.001,""before_measure_flip_probability"":0.001},""model_params"":{""a"":0.0001,""b"":0.5,""emissions"":[[1.0,0.0,0.0,0.0],[0.0,0.3333333333333333,0.3333333333333333,0.3333333333333333]],""theta"":1.1309733552923256}}}",
  10000000,     93336,         0,   772.7,custom_sampler,4be5bc2efd286ce4e817f75b6c71afaf68af3501c16fbff8eeea3b6715532289,"{""decoder"":""Pymatching"",""decoder_args"":{},""experiment"":""SurfaceCodeMemory"",""experiment_args"":{""basis"":""Z"",""distance"":5,""rounds"":""3d""},""marginalized_detector_error_model"":true,""noise_model"":""QCAModel"",""noise_model_args"":{""gate_noise"":{""after_clifford_depolarization"":0.001,""after_identity_depolarization"":0.001,""after_reset_flip_probability"":0.001,""before_measure_flip_probability"":0.001},""model_params"":{""a"":0.0001,""b"":0.5,""emissions"":[[1.0,0.0,0.0,0.0],[0.0,0.3333333333333333,0.3333333333333333,0.3333333333333333]],""theta"":1.1938052083641213}}}",
  10000000,    129779,         0,   782.2,custom_sampler,4a43243c2c0976aa53385ec251c6713422525cff003b64808f30b01c567b79ed,"{""decoder"":""Pymatching"",""decoder_args"":{},""experiment"":""SurfaceCodeMemory"",""experiment_args"":{""basis"":""Z"",""distance"":5,""rounds"":""3d""},""marginalized_detector_error_model"":true,""noise_model"":""QCAModel"",""noise_model_args"":{""gate_noise"":{""after_clifford_depolarization"":0.001,""after_identity_depolarization"":0.001,""after_reset_flip_probability"":0.001,""before_measure_flip_probability"":0.001},""model_params"":{""a"":0.0001,""b"":0.5,""emissions"":[[1.0,0.0,0.0,0.0],[0.0,0.3333333333333333,0.3333333333333333,0.3333333333333333]],""theta"":1.319468914507713}}}",
  10000000,    109764,         0,   783.9,custom_sampler,fa416e5e15413e7e7cf5b4d1e6c11f1e34206e238f014eb6785974eaa5d48d3b,"{""decoder"":""Pymatching"",""decoder_args"":{},""experiment"":""SurfaceCodeMemory"",""experiment_args"":{""basis"":""Z"",""distance"":5,""rounds"":""3d""},""marginalized_detector_error_model"":true,""noise_model"":""QCAModel"",""noise_model_args"":{""gate_noise"":{""after_clifford_depolarization"":0.001,""after_identity_depolarization"":0.001,""after_reset_flip_probability"":0.001,""before_measure_flip_probability"":0.001},""model_params"":{""a"":0.0001,""b"":0.5,""emissions"":[[1.0,0.0,0.0,0.0],[0.0,0.3333333333333333,0.3333333333333333,0.3333333333333333]],""theta"":1.2566370614359172}}}",
  10000000,    147447,         0,   785.2,custom_sampler,cd943cce5769d29d48669fdd674c2e509f07bc7e29025eed81d2975fc3bf4386,"{""decoder"":""Pymatching"",""decoder_args"":{},""experiment"":""SurfaceCodeMemory"",""experiment_args"":{""basis"":""Z"",""distance"":5,""rounds"":""3d""},""marginalized_detector_error_model"":true,""noise_model"":""QCAModel"",""noise_model_args"":{""gate_noise"":{""after_clifford_depolarization"":0.001,""after_identity_depolarization"":0.001,""after_reset_flip_probability"":0.001,""before_measure_flip_probability"":0.001},""model_params"":{""a"":0.0001,""b"":0.5,""emissions"":[[1.0,0.0,0.0,0.0],[0.0,0.3333333333333333,0.3333333333333333,0.3333333333333333]],""theta"":1.382300767579509}}}",
  10010000,    183451,         0,   786.9,custom_sampler,9a043af1e529cd22d913a6db85f688d29395fb5ecd62032017fd6f3d484961e7,"{""decoder"":""Pymatching"",""decoder_args"":{},""experiment"":""SurfaceCodeMemory"",""experiment_args"":{""basis"":""Z"",""distance"":5,""rounds"":""3d""},""marginalized_detector_error_model"":true,""noise_model"":""QCAModel"",""noise_model_args"":{""gate_noise"":{""after_clifford_depolarization"":0.001,""after_identity_depolarization"":0.001,""after_reset_flip_probability"":0.001,""before_measure_flip_probability"":0.001},""model_params"":{""a"":0.0001,""b"":0.5,""emissions"":[[1.0,0.0,0.0,0.0],[0.0,0.3333333333333333,0.3333333333333333,0.3333333333333333]],""theta"":1.5079644737231006}}}",
  10010000,    136354,         0,  2423.4,custom_sampler,6019d052d30f4fa833f470de54ba2a100d27d41f4d3dbcd128e149204c2c74cf,"{""decoder"":""Pymatching"",""decoder_args"":{},""experiment"":""SurfaceCodeMemory"",""experiment_args"":{""basis"":""Z"",""distance"":7,""rounds"":""3d""},""marginalized_detector_error_model"":true,""noise_model"":""QCAModel"",""noise_model_args"":{""gate_noise"":{""after_clifford_depolarization"":0.001,""after_identity_depolarization"":0.001,""after_reset_flip_probability"":0.001,""before_measure_flip_probability"":0.001},""model_params"":{""a"":0.0001,""b"":0.5,""emissions"":[[1.0,0.0,0.0,0.0],[0.0,0.3333333333333333,0.3333333333333333,0.3333333333333333]],""theta"":1.2566370614359172}}}",
  10000000,      4878,         0,  2296.3,custom_sampler,a7fa9c8a83c17340c584fa9964073957c84955815d77878f8f614bbc2a58f7b7,"{""decoder"":""Pymatching"",""decoder_args"":{},""experiment"":""SurfaceCodeMemory"",""experiment_args"":{""basis"":""Z"",""distance"":7,""rounds"":""3d""},""marginalized_detector_error_model"":true,""noise_model"":""QCAModel"",""noise_model_args"":{""gate_noise"":{""after_clifford_depolarization"":0.001,""after_identity_depolarization"":0.001,""after_reset_flip_probability"":0.001,""before_measure_flip_probability"":0.001},""model_params"":{""a"":0.0001,""b"":0.5,""emissions"":[[1.0,0.0,0.0,0.0],[0.0,0.3333333333333333,0.3333333333333333,0.3333333333333333]],""theta"":0.7853981633974483}}}",
  10010000,      2429,         0,  2311.5,custom_sampler,2f13b814eeffc26e5e69f9265a6973bcbf62c582c8889e637cb02cdb3e809fd8,"{""decoder"":""Pymatching"",""decoder_args"":{},""experiment"":""SurfaceCodeMemory"",""experiment_args"":{""basis"":""Z"",""distance"":7,""rounds"":""3d""},""marginalized_detector_error_model"":true,""noise_model"":""QCAModel"",""noise_model_args"":{""gate_noise"":{""after_clifford_depolarization"":0.001,""after_identity_depolarization"":0.001,""after_reset_flip_probability"":0.001,""before_measure_flip_probability"":0.001},""model_params"":{""a"":0.0001,""b"":0.5,""emissions"":[[1.0,0.0,0.0,0.0],[0.0,0.3333333333333333,0.3333333333333333,0.3333333333333333]],""theta"":0.6283185307179586}}}",
  10010000,     16439,         0,  2308.1,custom_sampler,64ede324338e0b6635d75482fde56c7983d17f4b3a875c8028c05d76947ac7ea,"{""decoder"":""Pymatching"",""decoder_args"":{},""experiment"":""SurfaceCodeMemory"",""experiment_args"":{""basis"":""Z"",""distance"":7,""rounds"":""3d""},""marginalized_detector_error_model"":true,""noise_model"":""QCAModel"",""noise_model_args"":{""gate_noise"":{""after_clifford_depolarization"":0.001,""after_identity_depolarization"":0.001,""after_reset_flip_probability"":0.001,""before_measure_flip_probability"":0.001},""model_params"":{""a"":0.0001,""b"":0.5,""emissions"":[[1.0,0.0,0.0,0.0],[0.0,0.3333333333333333,0.3333333333333333,0.3333333333333333]],""theta"":0.9424777960769379}}}",
  10000000,     45107,         0,  2351.6,custom_sampler,21c396e40f948ff28cff98b66d4f6d99be89bb93ef978fe6151b89002fdaabec,"{""decoder"":""Pymatching"",""decoder_args"":{},""experiment"":""SurfaceCodeMemory"",""experiment_args"":{""basis"":""Z"",""distance"":7,""rounds"":""3d""},""marginalized_detector_error_model"":true,""noise_model"":""QCAModel"",""noise_model_args"":{""gate_noise"":{""after_clifford_depolarization"":0.001,""after_identity_depolarization"":0.001,""after_reset_flip_probability"":0.001,""before_measure_flip_probability"":0.001},""model_params"":{""a"":0.0001,""b"":0.5,""emissions"":[[1.0,0.0,0.0,0.0],[0.0,0.3333333333333333,0.3333333333333333,0.3333333333333333]],""theta"":1.0681415022205298}}}",
  10010000,    239583,         0,  2500.0,custom_sampler,bcc177c000c574e632400367a972861dede9feb65342f60da1cbebcf495a2e87,"{""decoder"":""Pymatching"",""decoder_args"":{},""experiment"":""SurfaceCodeMemory"",""experiment_args"":{""basis"":""Z"",""distance"":7,""rounds"":""3d""},""marginalized_detector_error_model"":true,""noise_model"":""QCAModel"",""noise_model_args"":{""gate_noise"":{""after_clifford_depolarization"":0.001,""after_identity_depolarization"":0.001,""after_reset_flip_probability"":0.001,""before_measure_flip_probability"":0.001},""model_params"":{""a"":0.0001,""b"":0.5,""emissions"":[[1.0,0.0,0.0,0.0],[0.0,0.3333333333333333,0.3333333333333333,0.3333333333333333]],""theta"":1.382300767579509}}}",
  10010000,     68156,         0,  2386.2,custom_sampler,12ef68cd6ad6beb9ad8cf2366dfa78532ea1a48f1eb635e59acf3a2217da5c09,"{""decoder"":""Pymatching"",""decoder_args"":{},""experiment"":""SurfaceCodeMemory"",""experiment_args"":{""basis"":""Z"",""distance"":7,""rounds"":""3d""},""marginalized_detector_error_model"":true,""noise_model"":""QCAModel"",""noise_model_args"":{""gate_noise"":{""after_clifford_depolarization"":0.001,""after_identity_depolarization"":0.001,""after_reset_flip_probability"":0.001,""before_measure_flip_probability"":0.001},""model_params"":{""a"":0.0001,""b"":0.5,""emissions"":[[1.0,0.0,0.0,0.0],[0.0,0.3333333333333333,0.3333333333333333,0.3333333333333333]],""theta"":1.1309733552923256}}}",
  10010000,     97216,         0,  2486.3,custom_sampler,8690b98035703b2bcd826cbbad75e46494a048c3c0b6194c8071186c1f15c3b6,"{""decoder"":""Pymatching"",""decoder_args"":{},""experiment"":""SurfaceCodeMemory"",""experiment_args"":{""basis"":""Z"",""distance"":7,""rounds"":""3d""},""marginalized_detector_error_model"":true,""noise_model"":""QCAModel"",""noise_model_args"":{""gate_noise"":{""after_clifford_depolarization"":0.001,""after_identity_depolarization"":0.001,""after_reset_flip_probability"":0.001,""before_measure_flip_probability"":0.001},""model_params"":{""a"":0.0001,""b"":0.5,""emissions"":[[1.0,0.0,0.0,0.0],[0.0,0.3333333333333333,0.3333333333333333,0.3333333333333333]],""theta"":1.1938052083641213}}}",
  10010000,    183268,         0,  2448.0,custom_sampler,16b56301a4100e134ef9dad84c45baa94688abe77aec332dcccfb65259c47624,"{""decoder"":""Pymatching"",""decoder_args"":{},""experiment"":""SurfaceCodeMemory"",""experiment_args"":{""basis"":""Z"",""distance"":7,""rounds"":""3d""},""marginalized_detector_error_model"":true,""noise_model"":""QCAModel"",""noise_model_args"":{""gate_noise"":{""after_clifford_depolarization"":0.001,""after_identity_depolarization"":0.001,""after_reset_flip_probability"":0.001,""before_measure_flip_probability"":0.001},""model_params"":{""a"":0.0001,""b"":0.5,""emissions"":[[1.0,0.0,0.0,0.0],[0.0,0.3333333333333333,0.3333333333333333,0.3333333333333333]],""theta"":1.319468914507713}}}",
  10000000,    350028,         0,  2568.9,custom_sampler,3cb40b36613f718f79a41024af2b9eadcd309703f6e0467ec6dfaf6b2593d2d7,"{""decoder"":""Pymatching"",""decoder_args"":{},""experiment"":""SurfaceCodeMemory"",""experiment_args"":{""basis"":""Z"",""distance"":7,""rounds"":""3d""},""marginalized_detector_error_model"":true,""noise_model"":""QCAModel"",""noise_model_args"":{""gate_noise"":{""after_clifford_depolarization"":0.001,""after_identity_depolarization"":0.001,""after_reset_flip_probability"":0.001,""before_measure_flip_probability"":0.001},""model_params"":{""a"":0.0001,""b"":0.5,""emissions"":[[1.0,0.0,0.0,0.0],[0.0,0.3333333333333333,0.3333333333333333,0.3333333333333333]],""theta"":1.5079644737231006}}}",
  10000000,       628,         0,  4397.0,custom_sampler,2e6f71d7d8e36393f8a5188ef1822b7b74ddc777feed5bb5b7b63e89262ab63a,"{""decoder"":""Pymatching"",""decoder_args"":{},""experiment"":""SurfaceCodeMemory"",""experiment_args"":{""basis"":""Z"",""distance"":9,""rounds"":""3d""},""marginalized_detector_error_model"":true,""noise_model"":""QCAModel"",""noise_model_args"":{""gate_noise"":{""after_clifford_depolarization"":0.001,""after_identity_depolarization"":0.001,""after_reset_flip_probability"":0.001,""before_measure_flip_probability"":0.001},""model_params"":{""a"":0.0001,""b"":0.5,""emissions"":[[1.0,0.0,0.0,0.0],[0.0,0.3333333333333333,0.3333333333333333,0.3333333333333333]],""theta"":0.6283185307179586}}}",
  10010000,      8631,         0,  4474.4,custom_sampler,3cbdf9cfec40c0de18d018f1d475c2404028b0948e7062d4f368d909b8fbd517,"{""decoder"":""Pymatching"",""decoder_args"":{},""experiment"":""SurfaceCodeMemory"",""experiment_args"":{""basis"":""Z"",""distance"":9,""rounds"":""3d""},""marginalized_detector_error_model"":true,""noise_model"":""QCAModel"",""noise_model_args"":{""gate_noise"":{""after_clifford_depolarization"":0.001,""after_identity_depolarization"":0.001,""after_reset_flip_probability"":0.001,""before_measure_flip_probability"":0.001},""model_params"":{""a"":0.0001,""b"":0.5,""emissions"":[[1.0,0.0,0.0,0.0],[0.0,0.3333333333333333,0.3333333333333333,0.3333333333333333]],""theta"":0.9424777960769379}}}",
  10010000,      1705,         0,  4497.2,custom_sampler,b174ef5aca1a1798ff19d660f406bbd64f208637e89fbdd140d4e095da4c137b,"{""decoder"":""Pymatching"",""decoder_args"":{},""experiment"":""SurfaceCodeMemory"",""experiment_args"":{""basis"":""Z"",""distance"":9,""rounds"":""3d""},""marginalized_detector_error_model"":true,""noise_model"":""QCAModel"",""noise_model_args"":{""gate_noise"":{""after_clifford_depolarization"":0.001,""after_identity_depolarization"":0.001,""after_reset_flip_probability"":0.001,""before_measure_flip_probability"":0.001},""model_params"":{""a"":0.0001,""b"":0.5,""emissions"":[[1.0,0.0,0.0,0.0],[0.0,0.3333333333333333,0.3333333333333333,0.3333333333333333]],""theta"":0.7853981633974483}}}",
  10000000,     35153,         0,  4633.9,custom_sampler,44dded40badd21b9c46de7d8400b9090da9f0b25551bd82efcf3dda2982f5865,"{""decoder"":""Pymatching"",""decoder_args"":{},""experiment"":""SurfaceCodeMemory"",""experiment_args"":{""basis"":""Z"",""distance"":9,""rounds"":""3d""},""marginalized_detector_error_model"":true,""noise_model"":""QCAModel"",""noise_model_args"":{""gate_noise"":{""after_clifford_depolarization"":0.001,""after_identity_depolarization"":0.001,""after_reset_flip_probability"":0.001,""before_measure_flip_probability"":0.001},""model_params"":{""a"":0.0001,""b"":0.5,""emissions"":[[1.0,0.0,0.0,0.0],[0.0,0.3333333333333333,0.3333333333333333,0.3333333333333333]],""theta"":1.0681415022205298}}}",
  10000000,     65131,         0,  4639.5,custom_sampler,f751a33a123a68406509d06bfda951572a212f53c32524f84f30a23d28da6965,"{""decoder"":""Pymatching"",""decoder_args"":{},""experiment"":""SurfaceCodeMemory"",""experiment_args"":{""basis"":""Z"",""distance"":9,""rounds"":""3d""},""marginalized_detector_error_model"":true,""noise_model"":""QCAModel"",""noise_model_args"":{""gate_noise"":{""after_clifford_depolarization"":0.001,""after_identity_depolarization"":0.001,""after_reset_flip_probability"":0.001,""before_measure_flip_probability"":0.001},""model_params"":{""a"":0.0001,""b"":0.5,""emissions"":[[1.0,0.0,0.0,0.0],[0.0,0.3333333333333333,0.3333333333333333,0.3333333333333333]],""theta"":1.1309733552923256}}}",
  10000000,    111699,         0,  4742.2,custom_sampler,40980656159aa09011ccc303e9dcfe29c98d5aac6524d6aa5aba4707b7e6e234,"{""decoder"":""Pymatching"",""decoder_args"":{},""experiment"":""SurfaceCodeMemory"",""experiment_args"":{""basis"":""Z"",""distance"":9,""rounds"":""3d""},""marginalized_detector_error_model"":true,""noise_model"":""QCAModel"",""noise_model_args"":{""gate_noise"":{""after_clifford_depolarization"":0.001,""after_identity_depolarization"":0.001,""after_reset_flip_probability"":0.001,""before_measure_flip_probability"":0.001},""model_params"":{""a"":0.0001,""b"":0.5,""emissions"":[[1.0,0.0,0.0,0.0],[0.0,0.3333333333333333,0.3333333333333333,0.3333333333333333]],""theta"":1.1938052083641213}}}",
  10010000,    185365,         0,  4822.8,custom_sampler,accbabe5cf9a30d24b889c246ab13149db2ee5e8a3f32315cdcba03cf97f0af1,"{""decoder"":""Pymatching"",""decoder_args"":{},""experiment"":""SurfaceCodeMemory"",""experiment_args"":{""basis"":""Z"",""distance"":9,""rounds"":""3d""},""marginalized_detector_error_model"":true,""noise_model"":""QCAModel"",""noise_model_args"":{""gate_noise"":{""after_clifford_depolarization"":0.001,""after_identity_depolarization"":0.001,""after_reset_flip_probability"":0.001,""before_measure_flip_probability"":0.001},""model_params"":{""a"":0.0001,""b"":0.5,""emissions"":[[1.0,0.0,0.0,0.0],[0.0,0.3333333333333333,0.3333333333333333,0.3333333333333333]],""theta"":1.2566370614359172}}}",
  10000000,    282650,         0,  4987.7,custom_sampler,ad9628230dfb4ed597d62595f534834524e185bf7c3e6167f198e24ef6172a4b,"{""decoder"":""Pymatching"",""decoder_args"":{},""experiment"":""SurfaceCodeMemory"",""experiment_args"":{""basis"":""Z"",""distance"":9,""rounds"":""3d""},""marginalized_detector_error_model"":true,""noise_model"":""QCAModel"",""noise_model_args"":{""gate_noise"":{""after_clifford_depolarization"":0.001,""after_identity_depolarization"":0.001,""after_reset_flip_probability"":0.001,""before_measure_flip_probability"":0.001},""model_params"":{""a"":0.0001,""b"":0.5,""emissions"":[[1.0,0.0,0.0,0.0],[0.0,0.3333333333333333,0.3333333333333333,0.3333333333333333]],""theta"":1.319468914507713}}}",
  10000000,    406834,         0,  5179.8,custom_sampler,9d57390879ca97186efa1f722cda6c6039e30e395e8a4c2fb068ab2ca3e5de96,"{""decoder"":""Pymatching"",""decoder_args"":{},""experiment"":""SurfaceCodeMemory"",""experiment_args"":{""basis"":""Z"",""distance"":9,""rounds"":""3d""},""marginalized_detector_error_model"":true,""noise_model"":""QCAModel"",""noise_model_args"":{""gate_noise"":{""after_clifford_depolarization"":0.001,""after_identity_depolarization"":0.001,""after_reset_flip_probability"":0.001,""before_measure_flip_probability"":0.001},""model_params"":{""a"":0.0001,""b"":0.5,""emissions"":[[1.0,0.0,0.0,0.0],[0.0,0.3333333333333333,0.3333333333333333,0.3333333333333333]],""theta"":1.382300767579509}}}",
  10000000,    661845,         0,  5646.8,custom_sampler,794fc8b6de086a5d309c669a3a2f1d0aa8b8a2a9da00e67212b3f1154e5de0a1,"{""decoder"":""Pymatching"",""decoder_args"":{},""experiment"":""SurfaceCodeMemory"",""experiment_args"":{""basis"":""Z"",""distance"":9,""rounds"":""3d""},""marginalized_detector_error_model"":true,""noise_model"":""QCAModel"",""noise_model_args"":{""gate_noise"":{""after_clifford_depolarization"":0.001,""after_identity_depolarization"":0.001,""after_reset_flip_probability"":0.001,""before_measure_flip_probability"":0.001},""model_params"":{""a"":0.0001,""b"":0.5,""emissions"":[[1.0,0.0,0.0,0.0],[0.0,0.3333333333333333,0.3333333333333333,0.3333333333333333]],""theta"":1.5079644737231006}}}",
  10010000,       180,         0,  8599.0,custom_sampler,a187345fc21cbf7f1a1012a75f8ce3add397946972dfa42db37405e2917c5564,"{""decoder"":""Pymatching"",""decoder_args"":{},""experiment"":""SurfaceCodeMemory"",""experiment_args"":{""basis"":""Z"",""distance"":11,""rounds"":""3d""},""marginalized_detector_error_model"":true,""noise_model"":""QCAModel"",""noise_model_args"":{""gate_noise"":{""after_clifford_depolarization"":0.001,""after_identity_depolarization"":0.001,""after_reset_flip_probability"":0.001,""before_measure_flip_probability"":0.001},""model_params"":{""a"":0.0001,""b"":0.5,""emissions"":[[1.0,0.0,0.0,0.0],[0.0,0.3333333333333333,0.3333333333333333,0.3333333333333333]],""theta"":0.6283185307179586}}}",
  10000000,       573,         0,  8649.9,custom_sampler,283444b2ae3f39daaaeec71bcb8a5c8650c446f2740875944bdd7b6f004cae49,"{""decoder"":""Pymatching"",""decoder_args"":{},""experiment"":""SurfaceCodeMemory"",""experiment_args"":{""basis"":""Z"",""distance"":11,""rounds"":""3d""},""marginalized_detector_error_model"":true,""noise_model"":""QCAModel"",""noise_model_args"":{""gate_noise"":{""after_clifford_depolarization"":0.001,""after_identity_depolarization"":0.001,""after_reset_flip_probability"":0.001,""before_measure_flip_probability"":0.001},""model_params"":{""a"":0.0001,""b"":0.5,""emissions"":[[1.0,0.0,0.0,0.0],[0.0,0.3333333333333333,0.3333333333333333,0.3333333333333333]],""theta"":0.7853981633974483}}}",
  10000000,      4269,         0,  8685.4,custom_sampler,c466d3c49e191cbdc935dd40f075a9f0760a17d2f04cc28beb590fa7bc6e2e32,"{""decoder"":""Pymatching"",""decoder_args"":{},""experiment"":""SurfaceCodeMemory"",""experiment_args"":{""basis"":""Z"",""distance"":11,""rounds"":""3d""},""marginalized_detector_error_model"":true,""noise_model"":""QCAModel"",""noise_model_args"":{""gate_noise"":{""after_clifford_depolarization"":0.001,""after_identity_depolarization"":0.001,""after_reset_flip_probability"":0.001,""before_measure_flip_probability"":0.001},""model_params"":{""a"":0.0001,""b"":0.5,""emissions"":[[1.0,0.0,0.0,0.0],[0.0,0.3333333333333333,0.3333333333333333,0.3333333333333333]],""theta"":0.9424777960769379}}}",
  10010000,     26923,         0,  9015.5,custom_sampler,43d76c593c3aeab8d61ebf9566d018fcfb9ca2000dcb1d2f1e8f25ce3921c811,"{""decoder"":""Pymatching"",""decoder_args"":{},""experiment"":""SurfaceCodeMemory"",""experiment_args"":{""basis"":""Z"",""distance"":11,""rounds"":""3d""},""marginalized_detector_error_model"":true,""noise_model"":""QCAModel"",""noise_model_args"":{""gate_noise"":{""after_clifford_depolarization"":0.001,""after_identity_depolarization"":0.001,""after_reset_flip_probability"":0.001,""before_measure_flip_probability"":0.001},""model_params"":{""a"":0.0001,""b"":0.5,""emissions"":[[1.0,0.0,0.0,0.0],[0.0,0.3333333333333333,0.3333333333333333,0.3333333333333333]],""theta"":1.0681415022205298}}}",
  10010000,     61240,         0,  9252.8,custom_sampler,1ac1bac2c7cf04e7f67c0ca0f90fc8a8c23dadd00c194b850c5637e3ab70f4c0,"{""decoder"":""Pymatching"",""decoder_args"":{},""experiment"":""SurfaceCodeMemory"",""experiment_args"":{""basis"":""Z"",""distance"":11,""rounds"":""3d""},""marginalized_detector_error_model"":true,""noise_model"":""QCAModel"",""noise_model_args"":{""gate_noise"":{""after_clifford_depolarization"":0.001,""after_identity_depolarization"":0.001,""after_reset_flip_probability"":0.001,""before_measure_flip_probability"":0.001},""model_params"":{""a"":0.0001,""b"":0.5,""emissions"":[[1.0,0.0,0.0,0.0],[0.0,0.3333333333333333,0.3333333333333333,0.3333333333333333]],""theta"":1.1309733552923256}}}",
  10000000,    126859,         0,  9514.5,custom_sampler,0c3ec2ce8086292408a19c1847e50b4d8ae23da1777a0cb5a6a918b2645483ac,"{""decoder"":""Pymatching"",""decoder_args"":{},""experiment"":""SurfaceCodeMemory"",""experiment_args"":{""basis"":""Z"",""distance"":11,""rounds"":""3d""},""marginalized_detector_error_model"":true,""noise_model"":""QCAModel"",""noise_model_args"":{""gate_noise"":{""after_clifford_depolarization"":0.001,""after_identity_depolarization"":0.001,""after_reset_flip_probability"":0.001,""before_measure_flip_probability"":0.001},""model_params"":{""a"":0.0001,""b"":0.5,""emissions"":[[1.0,0.0,0.0,0.0],[0.0,0.3333333333333333,0.3333333333333333,0.3333333333333333]],""theta"":1.1938052083641213}}}",
  10010000,    246237,         0,  9924.9,custom_sampler,74fefa108c5f407c6154b34d48f6590819482a27e7aabfdef37aa23d46d94445,"{""decoder"":""Pymatching"",""decoder_args"":{},""experiment"":""SurfaceCodeMemory"",""experiment_args"":{""basis"":""Z"",""distance"":11,""rounds"":""3d""},""marginalized_detector_error_model"":true,""noise_model"":""QCAModel"",""noise_model_args"":{""gate_noise"":{""after_clifford_depolarization"":0.001,""after_identity_depolarization"":0.001,""after_reset_flip_probability"":0.001,""before_measure_flip_probability"":0.001},""model_params"":{""a"":0.0001,""b"":0.5,""emissions"":[[1.0,0.0,0.0,0.0],[0.0,0.3333333333333333,0.3333333333333333,0.3333333333333333]],""theta"":1.2566370614359172}}}",
  10000000,    422597,         0, 10524.8,custom_sampler,26a364d5a5fd2456c445dfc05f84bd467806af82ea29d58dc91836e8dbc377d0,"{""decoder"":""Pymatching"",""decoder_args"":{},""experiment"":""SurfaceCodeMemory"",""experiment_args"":{""basis"":""Z"",""distance"":11,""rounds"":""3d""},""marginalized_detector_error_model"":true,""noise_model"":""QCAModel"",""noise_model_args"":{""gate_noise"":{""after_clifford_depolarization"":0.001,""after_identity_depolarization"":0.001,""after_reset_flip_probability"":0.001,""before_measure_flip_probability"":0.001},""model_params"":{""a"":0.0001,""b"":0.5,""emissions"":[[1.0,0.0,0.0,0.0],[0.0,0.3333333333333333,0.3333333333333333,0.3333333333333333]],""theta"":1.319468914507713}}}",
  10000000,    655318,         0, 11197.1,custom_sampler,2a3a7be643b2a2aee1bcbbe482a66999739f12cb1c4033f26422784a121004cb,"{""decoder"":""Pymatching"",""decoder_args"":{},""experiment"":""SurfaceCodeMemory"",""experiment_args"":{""basis"":""Z"",""distance"":11,""rounds"":""3d""},""marginalized_detector_error_model"":true,""noise_model"":""QCAModel"",""noise_model_args"":{""gate_noise"":{""after_clifford_depolarization"":0.001,""after_identity_depolarization"":0.001,""after_reset_flip_probability"":0.001,""before_measure_flip_probability"":0.001},""model_params"":{""a"":0.0001,""b"":0.5,""emissions"":[[1.0,0.0,0.0,0.0],[0.0,0.3333333333333333,0.3333333333333333,0.3333333333333333]],""theta"":1.382300767579509}}}",
  10000000,   1123723,         0, 12963.1,custom_sampler,4683d6257a5e675d96030713ef11ce6973f4bd5496ad432896dea50141d48098,"{""decoder"":""Pymatching"",""decoder_args"":{},""experiment"":""SurfaceCodeMemory"",""experiment_args"":{""basis"":""Z"",""distance"":11,""rounds"":""3d""},""marginalized_detector_error_model"":true,""noise_model"":""QCAModel"",""noise_model_args"":{""gate_noise"":{""after_clifford_depolarization"":0.001,""after_identity_depolarization"":0.001,""after_reset_flip_probability"":0.001,""before_measure_flip_probability"":0.001},""model_params"":{""a"":0.0001,""b"":0.5,""emissions"":[[1.0,0.0,0.0,0.0],[0.0,0.3333333333333333,0.3333333333333333,0.3333333333333333]],""theta"":1.5079644737231006}}}",
  10020000,        41,         0, 14807.1,custom_sampler,58caea125071f1c9998f5b5e0f0f6e7c5fe074eb5b7d9f10ec06950872b83d0f,"{""decoder"":""Pymatching"",""decoder_args"":{},""experiment"":""SurfaceCodeMemory"",""experiment_args"":{""basis"":""Z"",""distance"":13,""rounds"":""3d""},""marginalized_detector_error_model"":true,""noise_model"":""QCAModel"",""noise_model_args"":{""gate_noise"":{""after_clifford_depolarization"":0.001,""after_identity_depolarization"":0.001,""after_reset_flip_probability"":0.001,""before_measure_flip_probability"":0.001},""model_params"":{""a"":0.0001,""b"":0.5,""emissions"":[[1.0,0.0,0.0,0.0],[0.0,0.3333333333333333,0.3333333333333333,0.3333333333333333]],""theta"":0.6283185307179586}}}",
  10020000,       173,         0, 14915.7,custom_sampler,d2226bf4be0c27f4e984105de78f97aa2f8a3ae2b80c206bc75521490e15f9ef,"{""decoder"":""Pymatching"",""decoder_args"":{},""experiment"":""SurfaceCodeMemory"",""experiment_args"":{""basis"":""Z"",""distance"":13,""rounds"":""3d""},""marginalized_detector_error_model"":true,""noise_model"":""QCAModel"",""noise_model_args"":{""gate_noise"":{""after_clifford_depolarization"":0.001,""after_identity_depolarization"":0.001,""after_reset_flip_probability"":0.001,""before_measure_flip_probability"":0.001},""model_params"":{""a"":0.0001,""b"":0.5,""emissions"":[[1.0,0.0,0.0,0.0],[0.0,0.3333333333333333,0.3333333333333333,0.3333333333333333]],""theta"":0.7853981633974483}}}",
  10010000,      2061,         0, 15168.5,custom_sampler,b578291fc7dcc5252f305bb71e859fe575402406dc0f3ed63b537afc350403bc,"{""decoder"":""Pymatching"",""decoder_args"":{},""experiment"":""SurfaceCodeMemory"",""experiment_args"":{""basis"":""Z"",""distance"":13,""rounds"":""3d""},""marginalized_detector_error_model"":true,""noise_model"":""QCAModel"",""noise_model_args"":{""gate_noise"":{""after_clifford_depolarization"":0.001,""after_identity_depolarization"":0.001,""after_reset_flip_probability"":0.001,""before_measure_flip_probability"":0.001},""model_params"":{""a"":0.0001,""b"":0.5,""emissions"":[[1.0,0.0,0.0,0.0],[0.0,0.3333333333333333,0.3333333333333333,0.3333333333333333]],""theta"":0.9424777960769379}}}",
  10000000,     20165,         0, 15954.9,custom_sampler,090d162bdd0fe56878314ff6955a10f2d1b7a5b1de70e1e4789698b583f68fba,"{""decoder"":""Pymatching"",""decoder_args"":{},""experiment"":""SurfaceCodeMemory"",""experiment_args"":{""basis"":""Z"",""distance"":13,""rounds"":""3d""},""marginalized_detector_error_model"":true,""noise_model"":""QCAModel"",""noise_model_args"":{""gate_noise"":{""after_clifford_depolarization"":0.001,""after_identity_depolarization"":0.001,""after_reset_flip_probability"":0.001,""before_measure_flip_probability"":0.001},""model_params"":{""a"":0.0001,""b"":0.5,""emissions"":[[1.0,0.0,0.0,0.0],[0.0,0.3333333333333333,0.3333333333333333,0.3333333333333333]],""theta"":1.0681415022205298}}}",
  10010000,     57433,         0, 16390.8,custom_sampler,95325b5ef53df5c7f4edae78f83c39637a3c5924eb8e9cee4e586acaf4f3abee,"{""decoder"":""Pymatching"",""decoder_args"":{},""experiment"":""SurfaceCodeMemory"",""experiment_args"":{""basis"":""Z"",""distance"":13,""rounds"":""3d""},""marginalized_detector_error_model"":true,""noise_model"":""QCAModel"",""noise_model_args"":{""gate_noise"":{""after_clifford_depolarization"":0.001,""after_identity_depolarization"":0.001,""after_reset_flip_probability"":0.001,""before_measure_flip_probability"":0.001},""model_params"":{""a"":0.0001,""b"":0.5,""emissions"":[[1.0,0.0,0.0,0.0],[0.0,0.3333333333333333,0.3333333333333333,0.3333333333333333]],""theta"":1.1309733552923256}}}",
  10000000,    142747,         0, 17054.2,custom_sampler,41f418078378a2309416d2fe5c6b6b1788141690581b47e2315822472a898cea,"{""decoder"":""Pymatching"",""decoder_args"":{},""experiment"":""SurfaceCodeMemory"",""experiment_args"":{""basis"":""Z"",""distance"":13,""rounds"":""3d""},""marginalized_detector_error_model"":true,""noise_model"":""QCAModel"",""noise_model_args"":{""gate_noise"":{""after_clifford_depolarization"":0.001,""after_identity_depolarization"":0.001,""after_reset_flip_probability"":0.001,""before_measure_flip_probability"":0.001},""model_params"":{""a"":0.0001,""b"":0.5,""emissions"":[[1.0,0.0,0.0,0.0],[0.0,0.3333333333333333,0.3333333333333333,0.3333333333333333]],""theta"":1.1938052083641213}}}",
  10010000,    320746,         0, 18388.0,custom_sampler,d439980ac117576d6a51e050e53e1438006d6f3383613c52f842cd3742c09c5f,"{""decoder"":""Pymatching"",""decoder_args"":{},""experiment"":""SurfaceCodeMemory"",""experiment_args"":{""basis"":""Z"",""distance"":13,""rounds"":""3d""},""marginalized_detector_error_model"":true,""noise_model"":""QCAModel"",""noise_model_args"":{""gate_noise"":{""after_clifford_depolarization"":0.001,""after_identity_depolarization"":0.001,""after_reset_flip_probability"":0.001,""before_measure_flip_probability"":0.001},""model_params"":{""a"":0.0001,""b"":0.5,""emissions"":[[1.0,0.0,0.0,0.0],[0.0,0.3333333333333333,0.3333333333333333,0.3333333333333333]],""theta"":1.2566370614359172}}}",
  10020000,    611318,         0, 20202.6,custom_sampler,ac243628ffedfec5e18f01734a963af4ca9b5d76785c56eef5545244fff35854,"{""decoder"":""Pymatching"",""decoder_args"":{},""experiment"":""SurfaceCodeMemory"",""experiment_args"":{""basis"":""Z"",""distance"":13,""rounds"":""3d""},""marginalized_detector_error_model"":true,""noise_model"":""QCAModel"",""noise_model_args"":{""gate_noise"":{""after_clifford_depolarization"":0.001,""after_identity_depolarization"":0.001,""after_reset_flip_probability"":0.001,""before_measure_flip_probability"":0.001},""model_params"":{""a"":0.0001,""b"":0.5,""emissions"":[[1.0,0.0,0.0,0.0],[0.0,0.3333333333333333,0.3333333333333333,0.3333333333333333]],""theta"":1.319468914507713}}}",
  10020000,    991765,         0, 22206.6,custom_sampler,c4c75ee8c4fb283adbcbeb8c55e820a672d9e876d58fd6569ca1d9076e741ee0,"{""decoder"":""Pymatching"",""decoder_args"":{},""experiment"":""SurfaceCodeMemory"",""experiment_args"":{""basis"":""Z"",""distance"":13,""rounds"":""3d""},""marginalized_detector_error_model"":true,""noise_model"":""QCAModel"",""noise_model_args"":{""gate_noise"":{""after_clifford_depolarization"":0.001,""after_identity_depolarization"":0.001,""after_reset_flip_probability"":0.001,""before_measure_flip_probability"":0.001},""model_params"":{""a"":0.0001,""b"":0.5,""emissions"":[[1.0,0.0,0.0,0.0],[0.0,0.3333333333333333,0.3333333333333333,0.3333333333333333]],""theta"":1.382300767579509}}}",
  10010000,        17,         0, 24586.4,custom_sampler,83b31ac271999613eb2687d77e205fc4ff23ac49298bd205c5951df14a8d424e,"{""decoder"":""Pymatching"",""decoder_args"":{},""experiment"":""SurfaceCodeMemory"",""experiment_args"":{""basis"":""Z"",""distance"":15,""rounds"":""3d""},""marginalized_detector_error_model"":true,""noise_model"":""QCAModel"",""noise_model_args"":{""gate_noise"":{""after_clifford_depolarization"":0.001,""after_identity_depolarization"":0.001,""after_reset_flip_probability"":0.001,""before_measure_flip_probability"":0.001},""model_params"":{""a"":0.0001,""b"":0.5,""emissions"":[[1.0,0.0,0.0,0.0],[0.0,0.3333333333333333,0.3333333333333333,0.3333333333333333]],""theta"":0.6283185307179586}}}",
  10010000,        57,         0, 24636.9,custom_sampler,2a8c4e3a5ca073528ad59d4ebeb293c042f0cb2528fbd58ad24b30dc0679d406,"{""decoder"":""Pymatching"",""decoder_args"":{},""experiment"":""SurfaceCodeMemory"",""experiment_args"":{""basis"":""Z"",""distance"":15,""rounds"":""3d""},""marginalized_detector_error_model"":true,""noise_model"":""QCAModel"",""noise_model_args"":{""gate_noise"":{""after_clifford_depolarization"":0.001,""after_identity_depolarization"":0.001,""after_reset_flip_probability"":0.001,""before_measure_flip_probability"":0.001},""model_params"":{""a"":0.0001,""b"":0.5,""emissions"":[[1.0,0.0,0.0,0.0],[0.0,0.3333333333333333,0.3333333333333333,0.3333333333333333]],""theta"":0.7853981633974483}}}",
  10010000,       958,         0, 24708.2,custom_sampler,70981be035a1099f9a054cc4804c490ddbb11d301ee3b8211df096be583dde63,"{""decoder"":""Pymatching"",""decoder_args"":{},""experiment"":""SurfaceCodeMemory"",""experiment_args"":{""basis"":""Z"",""distance"":15,""rounds"":""3d""},""marginalized_detector_error_model"":true,""noise_model"":""QCAModel"",""noise_model_args"":{""gate_noise"":{""after_clifford_depolarization"":0.001,""after_identity_depolarization"":0.001,""after_reset_flip_probability"":0.001,""before_measure_flip_probability"":0.001},""model_params"":{""a"":0.0001,""b"":0.5,""emissions"":[[1.0,0.0,0.0,0.0],[0.0,0.3333333333333333,0.3333333333333333,0.3333333333333333]],""theta"":0.9424777960769379}}}",
  10010000,     15118,         0, 25815.1,custom_sampler,d45a41fead8bbb59d2052b49a6b37765c0f6ad10356f674c0cafdcd78f0265f8,"{""decoder"":""Pymatching"",""decoder_args"":{},""experiment"":""SurfaceCodeMemory"",""experiment_args"":{""basis"":""Z"",""distance"":15,""rounds"":""3d""},""marginalized_detector_error_model"":true,""noise_model"":""QCAModel"",""noise_model_args"":{""gate_noise"":{""after_clifford_depolarization"":0.001,""after_identity_depolarization"":0.001,""after_reset_flip_probability"":0.001,""before_measure_flip_probability"":0.001},""model_params"":{""a"":0.0001,""b"":0.5,""emissions"":[[1.0,0.0,0.0,0.0],[0.0,0.3333333333333333,0.3333333333333333,0.3333333333333333]],""theta"":1.0681415022205298}}}",
  10000000,     53122,         0, 26865.0,custom_sampler,13f6ad9bededaf62edd68d1b09da16ff4187d6e93ad9c93a6f942a7d1381b0c5,"{""decoder"":""Pymatching"",""decoder_args"":{},""experiment"":""SurfaceCodeMemory"",""experiment_args"":{""basis"":""Z"",""distance"":15,""rounds"":""3d""},""marginalized_detector_error_model"":true,""noise_model"":""QCAModel"",""noise_model_args"":{""gate_noise"":{""after_clifford_depolarization"":0.001,""after_identity_depolarization"":0.001,""after_reset_flip_probability"":0.001,""before_measure_flip_probability"":0.001},""model_params"":{""a"":0.0001,""b"":0.5,""emissions"":[[1.0,0.0,0.0,0.0],[0.0,0.3333333333333333,0.3333333333333333,0.3333333333333333]],""theta"":1.1309733552923256}}}",
  10020000,   1724371,         0, 27597.7,custom_sampler,d05633b956939ddf8aba5f5031619953f411716da0a7507b7082847b27f6eab1,"{""decoder"":""Pymatching"",""decoder_args"":{},""experiment"":""SurfaceCodeMemory"",""experiment_args"":{""basis"":""Z"",""distance"":13,""rounds"":""3d""},""marginalized_detector_error_model"":true,""noise_model"":""QCAModel"",""noise_model_args"":{""gate_noise"":{""after_clifford_depolarization"":0.001,""after_identity_depolarization"":0.001,""after_reset_flip_probability"":0.001,""before_measure_flip_probability"":0.001},""model_params"":{""a"":0.0001,""b"":0.5,""emissions"":[[1.0,0.0,0.0,0.0],[0.0,0.3333333333333333,0.3333333333333333,0.3333333333333333]],""theta"":1.5079644737231006}}}",
  10020000,    160871,         0, 28871.8,custom_sampler,992f2c841958ffd814024733feb6952da7f63bd7840676d086abfd6242c3c1b1,"{""decoder"":""Pymatching"",""decoder_args"":{},""experiment"":""SurfaceCodeMemory"",""experiment_args"":{""basis"":""Z"",""distance"":15,""rounds"":""3d""},""marginalized_detector_error_model"":true,""noise_model"":""QCAModel"",""noise_model_args"":{""gate_noise"":{""after_clifford_depolarization"":0.001,""after_identity_depolarization"":0.001,""after_reset_flip_probability"":0.001,""before_measure_flip_probability"":0.001},""model_params"":{""a"":0.0001,""b"":0.5,""emissions"":[[1.0,0.0,0.0,0.0],[0.0,0.3333333333333333,0.3333333333333333,0.3333333333333333]],""theta"":1.1938052083641213}}}",
  10010000,    415432,         0, 32123.5,custom_sampler,7347fcaab46a0953e8e316a73d89ae2caf2f8129b49b95a5ab15e493019de64e,"{""decoder"":""Pymatching"",""decoder_args"":{},""experiment"":""SurfaceCodeMemory"",""experiment_args"":{""basis"":""Z"",""distance"":15,""rounds"":""3d""},""marginalized_detector_error_model"":true,""noise_model"":""QCAModel"",""noise_model_args"":{""gate_noise"":{""after_clifford_depolarization"":0.001,""after_identity_depolarization"":0.001,""after_reset_flip_probability"":0.001,""before_measure_flip_probability"":0.001},""model_params"":{""a"":0.0001,""b"":0.5,""emissions"":[[1.0,0.0,0.0,0.0],[0.0,0.3333333333333333,0.3333333333333333,0.3333333333333333]],""theta"":1.2566370614359172}}}",
  10000000,         3,         0, 37501.9,custom_sampler,19463e1ae70c41739f9a2fe55bf87484d6b52e48c56e1954cdd70ef58aa8e49a,"{""decoder"":""Pymatching"",""decoder_args"":{},""experiment"":""SurfaceCodeMemory"",""experiment_args"":{""basis"":""Z"",""distance"":17,""rounds"":""3d""},""marginalized_detector_error_model"":true,""noise_model"":""QCAModel"",""noise_model_args"":{""gate_noise"":{""after_clifford_depolarization"":0.001,""after_identity_depolarization"":0.001,""after_reset_flip_probability"":0.001,""before_measure_flip_probability"":0.001},""model_params"":{""a"":0.0001,""b"":0.5,""emissions"":[[1.0,0.0,0.0,0.0],[0.0,0.3333333333333333,0.3333333333333333,0.3333333333333333]],""theta"":0.6283185307179586}}}",
  10020000,        17,         0, 37719.6,custom_sampler,c274b671abf63ab073a3ff712a00676af7326564ee228bc5a23564c25a3304ed,"{""decoder"":""Pymatching"",""decoder_args"":{},""experiment"":""SurfaceCodeMemory"",""experiment_args"":{""basis"":""Z"",""distance"":17,""rounds"":""3d""},""marginalized_detector_error_model"":true,""noise_model"":""QCAModel"",""noise_model_args"":{""gate_noise"":{""after_clifford_depolarization"":0.001,""after_identity_depolarization"":0.001,""after_reset_flip_probability"":0.001,""before_measure_flip_probability"":0.001},""model_params"":{""a"":0.0001,""b"":0.5,""emissions"":[[1.0,0.0,0.0,0.0],[0.0,0.3333333333333333,0.3333333333333333,0.3333333333333333]],""theta"":0.7853981633974483}}}",
  10030000,    860529,         0, 36520.4,custom_sampler,d6cb541d827cd69569b443d72dc3ab1b2a3e5d5b6a8fb50f97eed6f98d88dbc0,"{""decoder"":""Pymatching"",""decoder_args"":{},""experiment"":""SurfaceCodeMemory"",""experiment_args"":{""basis"":""Z"",""distance"":15,""rounds"":""3d""},""marginalized_detector_error_model"":true,""noise_model"":""QCAModel"",""noise_model_args"":{""gate_noise"":{""after_clifford_depolarization"":0.001,""after_identity_depolarization"":0.001,""after_reset_flip_probability"":0.001,""before_measure_flip_probability"":0.001},""model_params"":{""a"":0.0001,""b"":0.5,""emissions"":[[1.0,0.0,0.0,0.0],[0.0,0.3333333333333333,0.3333333333333333,0.3333333333333333]],""theta"":1.319468914507713}}}",
  10030000,   1424864,         0, 42699.4,custom_sampler,c16aa87be89140468cd9c8fb5455ecb151fcf87cdac94329cb2aa1403f24057a,"{""decoder"":""Pymatching"",""decoder_args"":{},""experiment"":""SurfaceCodeMemory"",""experiment_args"":{""basis"":""Z"",""distance"":15,""rounds"":""3d""},""marginalized_detector_error_model"":true,""noise_model"":""QCAModel"",""noise_model_args"":{""gate_noise"":{""after_clifford_depolarization"":0.001,""after_identity_depolarization"":0.001,""after_reset_flip_probability"":0.001,""before_measure_flip_probability"":0.001},""model_params"":{""a"":0.0001,""b"":0.5,""emissions"":[[1.0,0.0,0.0,0.0],[0.0,0.3333333333333333,0.3333333333333333,0.3333333333333333]],""theta"":1.382300767579509}}}",
  10050000,   2420154,         0, 57020.3,custom_sampler,012d8e44205e66867bb6987a6cfcab863fa31572085019b91d924db044a76702,"{""decoder"":""Pymatching"",""decoder_args"":{},""experiment"":""SurfaceCodeMemory"",""experiment_args"":{""basis"":""Z"",""distance"":15,""rounds"":""3d""},""marginalized_detector_error_model"":true,""noise_model"":""QCAModel"",""noise_model_args"":{""gate_noise"":{""after_clifford_depolarization"":0.001,""after_identity_depolarization"":0.001,""after_reset_flip_probability"":0.001,""before_measure_flip_probability"":0.001},""model_params"":{""a"":0.0001,""b"":0.5,""emissions"":[[1.0,0.0,0.0,0.0],[0.0,0.3333333333333333,0.3333333333333333,0.3333333333333333]],""theta"":1.5079644737231006}}}",
  10030000,       461,         0, 39155.7,custom_sampler,c7b2b02c56354dfbf4f060865f685f77cf0ac49f0ea2d81870162bc3f8f4a9d6,"{""decoder"":""Pymatching"",""decoder_args"":{},""experiment"":""SurfaceCodeMemory"",""experiment_args"":{""basis"":""Z"",""distance"":17,""rounds"":""3d""},""marginalized_detector_error_model"":true,""noise_model"":""QCAModel"",""noise_model_args"":{""gate_noise"":{""after_clifford_depolarization"":0.001,""after_identity_depolarization"":0.001,""after_reset_flip_probability"":0.001,""before_measure_flip_probability"":0.001},""model_params"":{""a"":0.0001,""b"":0.5,""emissions"":[[1.0,0.0,0.0,0.0],[0.0,0.3333333333333333,0.3333333333333333,0.3333333333333333]],""theta"":0.9424777960769379}}}",
  10030000,     10984,         0, 41435.2,custom_sampler,8a3b72d7e783868a44eee3b6b0d3d1ac8df9736abb875261e0c0bf7889099dbf,"{""decoder"":""Pymatching"",""decoder_args"":{},""experiment"":""SurfaceCodeMemory"",""experiment_args"":{""basis"":""Z"",""distance"":17,""rounds"":""3d""},""marginalized_detector_error_model"":true,""noise_model"":""QCAModel"",""noise_model_args"":{""gate_noise"":{""after_clifford_depolarization"":0.001,""after_identity_depolarization"":0.001,""after_reset_flip_probability"":0.001,""before_measure_flip_probability"":0.001},""model_params"":{""a"":0.0001,""b"":0.5,""emissions"":[[1.0,0.0,0.0,0.0],[0.0,0.3333333333333333,0.3333333333333333,0.3333333333333333]],""theta"":1.0681415022205298}}}",
  10030000,     48942,         0, 43702.1,custom_sampler,3471b95e3a50712729a6da4381c4efbeacc3448c4822d5f5de0fd04b8b1aa7f1,"{""decoder"":""Pymatching"",""decoder_args"":{},""experiment"":""SurfaceCodeMemory"",""experiment_args"":{""basis"":""Z"",""distance"":17,""rounds"":""3d""},""marginalized_detector_error_model"":true,""noise_model"":""QCAModel"",""noise_model_args"":{""gate_noise"":{""after_clifford_depolarization"":0.001,""after_identity_depolarization"":0.001,""after_reset_flip_probability"":0.001,""before_measure_flip_probability"":0.001},""model_params"":{""a"":0.0001,""b"":0.5,""emissions"":[[1.0,0.0,0.0,0.0],[0.0,0.3333333333333333,0.3333333333333333,0.3333333333333333]],""theta"":1.1309733552923256}}}",
  10020000,    181267,         0, 46900.1,custom_sampler,84e0bfbff15c96f9455ce7baccbf8375c34bf77685c4f67798cdbc70eb5d97ab,"{""decoder"":""Pymatching"",""decoder_args"":{},""experiment"":""SurfaceCodeMemory"",""experiment_args"":{""basis"":""Z"",""distance"":17,""rounds"":""3d""},""marginalized_detector_error_model"":true,""noise_model"":""QCAModel"",""noise_model_args"":{""gate_noise"":{""after_clifford_depolarization"":0.001,""after_identity_depolarization"":0.001,""after_reset_flip_probability"":0.001,""before_measure_flip_probability"":0.001},""model_params"":{""a"":0.0001,""b"":0.5,""emissions"":[[1.0,0.0,0.0,0.0],[0.0,0.3333333333333333,0.3333333333333333,0.3333333333333333]],""theta"":1.1938052083641213}}}",
  10060000,    539938,         0, 54372.3,custom_sampler,47be69733535629d5004f3f7ccc1f27d9e01985c35a11b7e7bed253332a0cb4f,"{""decoder"":""Pymatching"",""decoder_args"":{},""experiment"":""SurfaceCodeMemory"",""experiment_args"":{""basis"":""Z"",""distance"":17,""rounds"":""3d""},""marginalized_detector_error_model"":true,""noise_model"":""QCAModel"",""noise_model_args"":{""gate_noise"":{""after_clifford_depolarization"":0.001,""after_identity_depolarization"":0.001,""after_reset_flip_probability"":0.001,""before_measure_flip_probability"":0.001},""model_params"":{""a"":0.0001,""b"":0.5,""emissions"":[[1.0,0.0,0.0,0.0],[0.0,0.3333333333333333,0.3333333333333333,0.3333333333333333]],""theta"":1.2566370614359172}}}",
  10090000,   1187012,         0, 66212.5,custom_sampler,4e43005b3176f78abaac4d5d0c911cc7219d490d84e4bee048caddee12a17be7,"{""decoder"":""Pymatching"",""decoder_args"":{},""experiment"":""SurfaceCodeMemory"",""experiment_args"":{""basis"":""Z"",""distance"":17,""rounds"":""3d""},""marginalized_detector_error_model"":true,""noise_model"":""QCAModel"",""noise_model_args"":{""gate_noise"":{""after_clifford_depolarization"":0.001,""after_identity_depolarization"":0.001,""after_reset_flip_probability"":0.001,""before_measure_flip_probability"":0.001},""model_params"":{""a"":0.0001,""b"":0.5,""emissions"":[[1.0,0.0,0.0,0.0],[0.0,0.3333333333333333,0.3333333333333333,0.3333333333333333]],""theta"":1.319468914507713}}}",
  10170000,   1979326,         0, 81289.3,custom_sampler,9c6ed01866ee83782ac6e0cd5b1f15fd81d358828c0a9cde02e10b234c0fdd33,"{""decoder"":""Pymatching"",""decoder_args"":{},""experiment"":""SurfaceCodeMemory"",""experiment_args"":{""basis"":""Z"",""distance"":17,""rounds"":""3d""},""marginalized_detector_error_model"":true,""noise_model"":""QCAModel"",""noise_model_args"":{""gate_noise"":{""after_clifford_depolarization"":0.001,""after_identity_depolarization"":0.001,""after_reset_flip_probability"":0.001,""before_measure_flip_probability"":0.001},""model_params"":{""a"":0.0001,""b"":0.5,""emissions"":[[1.0,0.0,0.0,0.0],[0.0,0.3333333333333333,0.3333333333333333,0.3333333333333333]],""theta"":1.382300767579509}}}",
  10410000,   3246961,         0,116969.4,custom_sampler,95e123e391a83420af4b26be64b5765ca07fe173a827eb031c3da246fdde5249,"{""decoder"":""Pymatching"",""decoder_args"":{},""experiment"":""SurfaceCodeMemory"",""experiment_args"":{""basis"":""Z"",""distance"":17,""rounds"":""3d""},""marginalized_detector_error_model"":true,""noise_model"":""QCAModel"",""noise_model_args"":{""gate_noise"":{""after_clifford_depolarization"":0.001,""after_identity_depolarization"":0.001,""after_reset_flip_probability"":0.001,""before_measure_flip_probability"":0.001},""model_params"":{""a"":0.0001,""b"":0.5,""emissions"":[[1.0,0.0,0.0,0.0],[0.0,0.3333333333333333,0.3333333333333333,0.3333333333333333]],""theta"":1.5079644737231006}}}",
